{
    "1": {
        "name": "Potosi",
        "ciudades": [
            { "id": 1, "name": "Tinquipaya" },
            { "id": 2, "name": "Villa Yocalla" },
            { "id": 3, "name": "Belen De Urmiri" },
            { "id": 4, "name": "Uncia" },
            { "id": 5, "name": "Chayanta" },
            { "id": 6, "name": "Llallagua" },
            { "id": 7, "name": "Betanzos" },
            { "id": 8, "name": "Chaqui" },
            { "id": 9, "name": "Tacobamba" },
            { "id": 10, "name": "ColqueChaca" },
            { "id": 11, "name": "Ravelo" },
            { "id": 12, "name": "Pocoata" },
            { "id": 13, "name": "Ocuri" },
            { "id": 14, "name": "San Pedro" },
            { "id": 15, "name": "Toro Toro" },
            { "id": 16, "name": "Cotagaita" },
            { "id": 17, "name": "Vitichi" },
            { "id": 18, "name": "Sacaca" },
            { "id": 19, "name": "Caripuyo" },
            { "id": 20, "name": "Tupiza" },
            { "id": 21, "name": "Atocha" },
            { "id": 22, "name": "Colcha K" },
            { "id": 23, "name": "Mojinete" },
            { "id": 24, "name": "Puna" },
            { "id": 25, "name": "Caiza D" },
            { "id": 26, "name": "Uyuni" },
            { "id": 27, "name": "Tomave" },
            { "id": 28, "name": "Porco" },
            { "id": 29, "name": "Arampampa" },
            { "id": 30, "name": "Acasio" },
            { "id": 31, "name": "Llica" },
            { "id": 32, "name": "Tahua" },
            { "id": 33, "name": "Villazon" },
            { "id": 34, "name": "San Agustin" }
        ]
    },
    "2": {
        "name": "Beni",
        "ciudades": [
            { "id": 35, "name": "Trinidad" },
            { "id": 36, "name": "San Javier" },
            { "id": 37, "name": "Riveralta" },
            { "id": 38, "name": "Pto. Guayaramerin" },
            { "id": 39, "name": "Reyes" },
            { "id": 40, "name": "San Borja" },
            { "id": 41, "name": "Santa Ana" },
            { "id": 42, "name": "Pto. Rurrenabaque" },
            { "id": 43, "name": "Santa Ana" },
            { "id": 44, "name": "Exaltacion" },
            { "id": 45, "name": "San Ignacio" },
            { "id": 46, "name": "Loreto" },
            { "id": 47, "name": "San Andres" },
            { "id": 48, "name": "San Joaquin" },
            { "id": 49, "name": "San Ramon" },
            { "id": 50, "name": "Pto. Siles" },
            { "id": 51, "name": "Magdalena" },
            { "id": 52, "name": "Baures" },
            { "id": 53, "name": "Huracaje" }
        ]
    },
    "3": {
        "name": "Chuquisaca",
        "ciudades": [
            { "id": 54, "name": "Yotala" },
            { "id": 55, "name": "Poroma" },
            { "id": 56, "name": "Villa Azurduy" },
            { "id": 57, "name": "Tarvita" },
            { "id": 58, "name": "Villa Zuda単ez (Tacopaya)" },
            { "id": 59, "name": "Presto" },
            { "id": 60, "name": "Icla" },
            { "id": 61, "name": "Padilla" },
            { "id": 62, "name": "Tomina" },
            { "id": 63, "name": "Sopachuy" },
            { "id": 64, "name": "Alcala" },
            { "id": 65, "name": "El Villar" },
            { "id": 66, "name": "Tarabuco" },
            { "id": 67, "name": "Huacareta" },
            { "id": 68, "name": "Tarabuco" },
            { "id": 69, "name": "Yamparaez" },
            { "id": 70, "name": "San Lucas" },
            { "id": 71, "name": "Incahuasi" },
            { "id": 72, "name": "Villa Serrano" },
            { "id": 73, "name": "Villa Abecia" },
            { "id": 74, "name": "Culpina" },
            { "id": 75, "name": "Las Carreras" },
            { "id": 76, "name": "Villa Vaca Guzman" },
            { "id": 77, "name": "Huancaya" },
            { "id": 78, "name": "Machareti" }
        ]
    },
    "4":{
        "name": "Cochabamba",
        "ciudades": [
            { "id": 79, "name": "Aiquile" },
            { "id": 80, "name": "Pasorapa" },
            { "id": 81, "name": "Omereque" },
            { "id": 82, "name": "Independecia" },
            { "id": 83, "name": "Morochata" },
            { "id": 84, "name": "Tarata" },
            { "id": 85, "name": "Anzaldo" },
            { "id": 86, "name": "Arbieto" },
            { "id": 87, "name": "Sacabamba" },
            { "id": 88, "name": "Arani" },
            { "id": 89, "name": "Vacas" },
            { "id": 90, "name": "Tacopaya" },
            { "id": 91, "name": "Capinota" },
            { "id": 92, "name": "Santiva単ez" },
            { "id": 93, "name": "Sicaya" },
            { "id": 94, "name": "Cliza" },
            { "id": 95, "name": "Toco" },
            { "id": 96, "name": "Tolata" },
            { "id": 97, "name": "Quillacollo" },
            { "id": 98, "name": "Sipe Sipe" },
            { "id": 99, "name": "Tinquipaya" },
            { "id": 100, "name": "Vinto" },
            { "id": 101, "name": "Colcapihua" },
            { "id": 102, "name": "Sacaba" },
            { "id": 103, "name": "Colomi" },
            { "id": 104, "name": "Villa Tunari" },
            { "id": 105, "name": "Tapacari" },
            { "id": 106, "name": "Totora" },
            { "id": 107, "name": "Pojo" },
            { "id": 108, "name": "Pocoma" },
            { "id": 109, "name": "Chimore" },
            { "id": 110, "name": "Pto. Villarroel" },
            { "id": 111, "name": "Mizque" },
            { "id": 112, "name": "Vila Vila" },
            { "id": 113, "name": "Alalay" },
            { "id": 114, "name": "Punata" },
            { "id": 115, "name": "Villa Rivero" },
            { "id": 116, "name": "San Benito" },
            { "id": 117, "name": "Tacachi" },
            { "id": 118, "name": "Cuchumuela" },
            { "id": 119, "name": "Bolivar" },
            { "id": 120, "name": "Tiraque" }
        ]
    },
    "5": {
        "name": "La Paz",
        "ciudades": [
            { "id": 121, "name": "Palca" },
            { "id": 122, "name": "Mecapaca" },
            { "id": 123, "name": "Inquisivi" },
            { "id": 124, "name": "Cairoma" },
            { "id": 125, "name": "Quime" },
            { "id": 126, "name": "Cajuata" },
            { "id": 127, "name": "Achocalla" },
            { "id": 128, "name": "Colquiri" },
            { "id": 129, "name": "El Alto " },
            { "id": 130, "name": "Ichoca" },
            { "id": 131, "name": "Achacachi" },
            { "id": 132, "name": "Ancoraimes" },
            { "id": 133, "name": "Chulumani" },
            { "id": 134, "name": "Coro Coro" },
            { "id": 135, "name": "Irupana" },
            { "id": 136, "name": "Caquiaviri" },
            { "id": 137, "name": "Yanacachi" },
            { "id": 138, "name": "Calacoto" },
            { "id": 139, "name": "Palos Blancos" },
            { "id": 140, "name": "Comanche" },
            { "id": 141, "name": "La Asunta" },
            { "id": 142, "name": "Chara単a" },
            { "id": 143, "name": "Pucarani" },
            { "id": 144, "name": "Malla" },
            { "id": 145, "name": "Laja" },
            { "id": 146, "name": "N. De Pacajes " },
            { "id": 147, "name": "Batallas" },
            { "id": 148, "name": "S. De Callapa " },
            { "id": 149, "name": "Pto. Perez" },
            { "id": 150, "name": "Puerto Acosta " },
            { "id": 151, "name": "Sica Sica" },
            { "id": 152, "name": "Moco Moco " },
            { "id": 153, "name": "Umala" },
            { "id": 154, "name": "Pto. Carabuco " },
            { "id": 155, "name": "Ayo Ayo" },
            { "id": 156, "name": "Chuma" },
            { "id": 157, "name": "Calamarca" },
            { "id": 158, "name": "Ayata" },
            { "id": 159, "name": "Patacamaya" },
            { "id": 160, "name": "Aucapata" },
            { "id": 161, "name": "Colquencha" },
            { "id": 162, "name": "Sorata" },
            { "id": 163, "name": "Collana" },
            { "id": 164, "name": "Guanay" },
            { "id": 165, "name": "Coroico" },
            { "id": 166, "name": "Tacoma" },
            { "id": 167, "name": "Coripata" },
            { "id": 168, "name": "Quiabaya" },
            { "id": 169, "name": "Ixiamas" },
            { "id": 170, "name": "Combaya" },
            { "id": 171, "name": "San Buenaventura" },
            { "id": 172, "name": "Tipuani" },
            { "id": 173, "name": "Charazani" },
            { "id": 174, "name": "Apolo" },
            { "id": 175, "name": "Curva" },
            { "id": 176, "name": "Pelechuco" },
            { "id": 177, "name": "Copacabana" },
            { "id": 178, "name": "Viacha" },
            { "id": 179, "name": "Tiquina" },
            { "id": 180, "name": "Guaqui" },
            { "id": 181, "name": "Tito Yupanqui" },
            { "id": 182, "name": "Tiahuanacu" },
            { "id": 183, "name": "S. P. De Curahuara" },
            { "id": 184, "name": "Desaguadero" },
            { "id": 185, "name": "Papel Pampa" },
            { "id": 186, "name": "Luribay" },
            { "id": 187, "name": "Chacarilla" },
            { "id": 188, "name": "Sapahaqui" },
            { "id": 189, "name": "S. De Machaca" },
            { "id": 190, "name": "Yaco" },
            { "id": 191, "name": "Catacora" },
            { "id": 192, "name": "Caranavi" }
        ]
    },
    "6": {
        "name": "Oruro",
        "ciudades": [
            { "id": 193, "name": "Caracollo" },
            { "id": 194, "name": "El Choro" },
            { "id": 195, "name": "Challapata" },
            { "id": 196, "name": "Quillacas" },
            { "id": 197, "name": "Corque" },
            { "id": 198, "name": "Choquecota" },
            { "id": 199, "name": "C. De Carangas" },
            { "id": 200, "name": "Turco" },
            { "id": 201, "name": "Huachacalla" },
            { "id": 202, "name": "Escara" },
            { "id": 203, "name": "Cruz De Machamarca" },
            { "id": 204, "name": "Litoral" },
            { "id": 205, "name": "Esmeralda" },
            { "id": 206, "name": "Villa Poopo" },
            { "id": 207, "name": "Paz単a" },
            { "id": 208, "name": "Antequera" },
            { "id": 209, "name": "Huanuni" },
            { "id": 210, "name": "Machacamarca" },
            { "id": 211, "name": "S. Mendoza" },
            { "id": 212, "name": "Pampa Aullagas" },
            { "id": 213, "name": "Sabaya" },
            { "id": 214, "name": "Coipase" },
            { "id": 215, "name": "Chipaya" },
            { "id": 216, "name": "Toleda" },
            { "id": 217, "name": "Eucaliptus" },
            { "id": 218, "name": "Andamarca" },
            { "id": 219, "name": "Totora" },
            { "id": 220, "name": "S. De Huari" },
            { "id": 221, "name": "La Rivera" },
            { "id": 222, "name": "Todos Santos" },
            { "id": 223, "name": "Carangas" },
            { "id": 224, "name": "Huayllamarca" }
        ]
    },
    "7": {
        "name": "Pando",
        "ciudades": [
            { "id": 225, "name": "Cobija" },
            { "id": 226, "name": "Porvenir" },
            { "id": 227, "name": "Bolpebra" },
            { "id": 228, "name": "Bella Flor" },
            { "id": 229, "name": "Puerto Rico" },
            { "id": 230, "name": "San Pedro" },
            { "id": 231, "name": "Filadelfia" },
            { "id": 232, "name": "Pto. Moreno" },
            { "id": 233, "name": "San Lorenzo" },
            { "id": 234, "name": "Sena" },
            { "id": 235, "name": "Santa Rosa" },
            { "id": 236, "name": "Ingavi" },
            { "id": 237, "name": "Nueva Manoa" },
            { "id": 238, "name": "Villa Nueva" },
            { "id": 239, "name": "Santos Mercado" }
        ]
    },
    "8": {
        "name": "Santa Cruz",
        "ciudades": [
            { "id": 240, "name": "Cotoca" },
            { "id": 241, "name": "Ayacuchi" },
            { "id": 242, "name": "La Guardia" },
            { "id": 243, "name": "El Torno" },
            { "id": 244, "name": "Warnes" },
            { "id": 245, "name": "Okinawa" },
            { "id": 246, "name": "San Miguel" },
            { "id": 247, "name": "San Rafael" },
            { "id": 248, "name": "Buena Vista" },
            { "id": 249, "name": "San Carlos" },
            { "id": 250, "name": "Yapacani" },
            { "id": 251, "name": "San Jose" },
            { "id": 252, "name": "Pailon" },
            { "id": 253, "name": "Robore" },
            { "id": 254, "name": "Portachuelo" },
            { "id": 255, "name": "Santa Rosa" },
            { "id": 256, "name": "Lagunillas" },
            { "id": 257, "name": "Charagua" },
            { "id": 258, "name": "Cabezas" },
            { "id": 259, "name": "Cuevo" },
            { "id": 260, "name": "Gutierrez" },
            { "id": 261, "name": "Camiri" },
            { "id": 262, "name": "Boyuibe" },
            { "id": 263, "name": "Vallegrande" },
            { "id": 264, "name": "Trigal" },
            { "id": 265, "name": "MoroMoro" },
            { "id": 266, "name": "Postrer Valle" },
            { "id": 267, "name": "Pucara" },
            { "id": 268, "name": "Samaipata" },
            { "id": 269, "name": "Pampa Grande" },
            { "id": 270, "name": "Mairana" },
            { "id": 271, "name": "Quirusillas" },
            { "id": 272, "name": "Montero" },
            { "id": 273, "name": "Gral. Saavedra" },
            { "id": 274, "name": "Mineros" },
            { "id": 275, "name": "Concepcion" },
            { "id": 276, "name": "San Javier" },
            { "id": 277, "name": "San Julian" },
            { "id": 278, "name": "San Ramon" },
            { "id": 279, "name": "San Antonio Lomerio" },
            { "id": 280, "name": "San Matias" },
            { "id": 281, "name": "Comarapa" },
            { "id": 282, "name": "Saipina" },
            { "id": 283, "name": "Pto. Suarez" },
            { "id": 284, "name": "pto. Quijarro" },
            { "id": 285, "name": "A. De Guarayos" },
            { "id": 286, "name": "Urubicha" },
            { "id": 287, "name": "El Puente" }
        ]
    },
    "9": {
        "name": "Tarija",
        "ciudades": [
            { "id": 288, "name": "Padcaya" },
            { "id": 289, "name": "Bermejo" },
            { "id": 290, "name": "Yacuiba" },
            { "id": 291, "name": "Carapari" },
            { "id": 292, "name": "Villamontes" },
            { "id": 293, "name": "Uriondo" },
            { "id": 294, "name": "Yunchara" },
            { "id": 295, "name": "San Lorenzo" },
            { "id": 296, "name": "Tomayapo" },
            { "id": 297, "name": "La Moreta" }
        ]
    }
}
  